Samples#,gene_name,gene_full_name,coverage,numreads,gene_length,Function,sample,n_reads,RPKM,sum,abundance,Group
GWP_16P_S126_L007,A16S,MEG_4|Drugs|Aminoglycosides|Aminoglycoside-resistant_16S_ribosomal_subunit_protein|A16S|RequiresSNPConfirmation,91.5538,870.0,1551.0,Aminoglycosides,GWP_16P_S126_L007,8356048,67.12843598658826,536.7553025868958,12.50633867295997,Control
GWP_16P_S126_L007,ANT6,MEG_988|Drugs|Aminoglycosides|Aminoglycoside_O-nucleotidyltransferases|ANT6,99.30799999999999,48.0,867.0,Aminoglycosides,GWP_16P_S126_L007,8356048,6.625538986768381,536.7553025868958,1.2343686135631173,Control
GWP_16P_S126_L007,MLS23S,MEG_3992|Drugs|MLS|Macrolide-resistant_23S_rRNA_mutation|MLS23S|RequiresSNPConfirmation,93.3884,3042.0,2904.0,MLS,GWP_16P_S126_L007,8356048,125.360775950189,536.7553025868958,23.355293435577046,Control
GWP_16P_S126_L007,O23S,MEG_4223|Drugs|Oxazolidinone|Oxazolidinone-resistant_23S_rRNA_mutation|O23S|RequiresSNPConfirmation,87.3206,2942.0,2926.0,Oxazolidinone,GWP_16P_S126_L007,8356048,120.32820012457226,536.7553025868958,22.41770124014606,Control
GWP_16P_S126_L007,RRSA,MEG_6145|Drugs|Aminoglycosides|Aminoglycoside-resistant_16S_ribosomal_subunit_protein|RRSA|RequiresSNPConfirmation,90.5821,1430.0,1529.0,Aminoglycosides,GWP_16P_S126_L007,8356048,111.92513477198206,536.7553025868958,20.852171228222268,Control
GWP_16P_S126_L007,TET16S,MEG_6963|Drugs|Tetracyclines|Tetracycline-resistant_16S_ribosomal_subunit_protein|TET16S|RequiresSNPConfirmation,80.8128,988.0,1501.0,Tetracyclines,GWP_16P_S126_L007,8356048,78.7726264977494,536.7553025868958,14.675705320115924,Control
GWP_16P_S126_L007,TET40,MEG_6991|Drugs|Tetracyclines|Tetracycline_resistance_ribosomal_protection_proteins|TET40,89.2711,20.0,1221.0,Tetracyclines,GWP_16P_S126_L007,8356048,1.9602587706552643,536.7553025868958,0.36520529209637687,Control
GWP_16P_S126_L007,TETO,MEG_7162|Drugs|Tetracyclines|Tetracycline_resistance_ribosomal_protection_proteins|TETO,100.0,60.0,1920.0,Tetracyclines,GWP_16P_S126_L007,8356048,3.7398061858907465,536.7553025868958,0.696743221327619,Control
GWP_16P_S126_L007,TETQ,MEG_7183|Drugs|Tetracyclines|Tetracycline_resistance_ribosomal_protection_proteins|TETQ,88.1101,54.0,1926.0,Tetracyclines,GWP_16P_S126_L007,8356048,3.3553401293973053,536.7553025868958,0.6251154135275834,Control
GWP_16P_S126_L007,TETW,MEG_7226|Drugs|Tetracyclines|Tetracycline_resistance_ribosomal_protection_proteins|TETW,95.0521,30.0,1920.0,Tetracyclines,GWP_16P_S126_L007,8356048,1.8699030929453733,536.7553025868958,0.3483716106638095,Control
GWP_16P_S126_L007,VANHD,MEG_7430|Drugs|Glycopeptides|VanD-type_resistance_protein|VANHD,82.5287,56.0,2610.0,Glycopeptides,GWP_16P_S126_L007,8356048,2.567713672458321,536.7553025868958,0.4783769550264725,Control
GWP_16P_S126_L007,VANRD,MEG_7477|Drugs|Glycopeptides|VanD-type_regulator|VANRD,88.412,26.0,699.0,Glycopeptides,GWP_16P_S126_L007,8356048,4.45138590366395,536.7553025868958,0.8293138199493262,Control
GWP_16P_S126_L007,VANSD,MEG_7504|Drugs|Glycopeptides|VanD-type_regulator|VANSD,81.2391,50.0,1146.0,Glycopeptides,GWP_16P_S126_L007,8356048,5.221369893041182,536.7553025868958,0.9727654049949305,Control
GWP_16P_S126_L007,VANYD,MEG_7601|Drugs|Glycopeptides|VanD-type_accessory_protein|VANYD,85.87899999999999,30.0,1041.0,Glycopeptides,GWP_16P_S126_L007,8356048,3.448812620994348,536.7553025868958,0.6425297718295045,Control
GWP_17P_S127_L007,A16S,MEG_5|Drugs|Aminoglycosides|Aminoglycoside-resistant_16S_ribosomal_subunit_protein|A16S|RequiresSNPConfirmation,89.3617,610.0,1504.0,Aminoglycosides,GWP_17P_S127_L007,8620342,47.04976976354055,488.7684710919928,9.626187560425752,Control
GWP_17P_S127_L007,ANT6,MEG_988|Drugs|Aminoglycosides|Aminoglycoside_O-nucleotidyltransferases|ANT6,80.2768,10.0,867.0,Aminoglycosides,GWP_17P_S127_L007,8620342,1.338000902383667,488.7684710919928,0.2737494297441778,Control
GWP_17P_S127_L007,BEXA,MEG_1229|Multi-compound|Drug_and_biocide_resistance|Drug_and_biocide_MATE_efflux_pumps|BEXA,96.4715,36.0,1332.0,Drug_and_biocide_resistance,GWP_17P_S127_L007,8620342,3.13526157396389,488.7684710919928,0.6414615015897357,Control
GWP_17P_S127_L007,MLS23S,MEG_3992|Drugs|MLS|Macrolide-resistant_23S_rRNA_mutation|MLS23S|RequiresSNPConfirmation,92.0455,2942.0,2904.0,MLS,GWP_17P_S127_L007,8620342,117.52264578934755,488.7684710919928,24.04464541806098,Control
GWP_17P_S127_L007,O23S,MEG_4223|Drugs|Oxazolidinone|Oxazolidinone-resistant_23S_rRNA_mutation|O23S|RequiresSNPConfirmation,88.961,3356.0,2926.0,Oxazolidinone,GWP_17P_S127_L007,8620342,133.0525291053466,488.7684710919928,27.221995070198442,Control
GWP_17P_S127_L007,RRSA,MEG_6145|Drugs|Aminoglycosides|Aminoglycoside-resistant_16S_ribosomal_subunit_protein|RRSA|RequiresSNPConfirmation,89.9281,1366.0,1529.0,Aminoglycosides,GWP_17P_S127_L007,8620342,103.63792705773899,488.7684710919928,21.2038896097766,Control
GWP_17P_S127_L007,TET16S,MEG_6963|Drugs|Tetracyclines|Tetracycline-resistant_16S_ribosomal_subunit_protein|TET16S|RequiresSNPConfirmation,83.0113,964.0,1501.0,Tetracyclines,GWP_17P_S127_L007,8620342,74.50267143247437,488.7684710919928,15.242937267623379,Control
GWP_17P_S127_L007,TETO,MEG_7149|Drugs|Tetracyclines|Tetracycline_resistance_ribosomal_protection_proteins|TETO,84.2708,20.0,1920.0,Tetracyclines,GWP_17P_S127_L007,8620342,1.2083820649652492,488.7684710919928,0.2472299537377106,Control
GWP_17P_S127_L007,TETQ,MEG_7183|Drugs|Tetracyclines|Tetracycline_resistance_ribosomal_protection_proteins|TETQ,93.2503,94.0,1926.0,Tetracyclines,GWP_17P_S127_L007,8620342,5.661702883824719,488.7684710919928,1.1583609047399275,Control
GWP_17P_S127_L007,VANRD,MEG_7477|Drugs|Glycopeptides|VanD-type_regulator|VANRD,97.568,10.0,699.0,Glycopeptides,GWP_17P_S127_L007,8620342,1.6595805184072092,488.7684710919928,0.3395432841032935,Control
GWP_15P_S148_L007,A16S,MEG_2|Drugs|Aminoglycosides|Aminoglycoside-resistant_16S_ribosomal_subunit_protein|A16S|RequiresSNPConfirmation,92.228,3820.0,1544.0,Aminoglycosides,GWP_15P_S148_L007,10174589,243.1639513152526,1662.005718882464,14.630752984337294,WD_GWI
GWP_15P_S148_L007,ANT6,MEG_988|Drugs|Aminoglycosides|Aminoglycoside_O-nucleotidyltransferases|ANT6,99.0773,50.0,867.0,Aminoglycosides,GWP_15P_S148_L007,10174589,5.668054687445274,1662.005718882464,0.3410370146774516,WD_GWI
GWP_15P_S148_L007,BEXA,MEG_1229|Multi-compound|Drug_and_biocide_resistance|Drug_and_biocide_MATE_efflux_pumps|BEXA,98.7988,50.0,1332.0,Drug_and_biocide_resistance,GWP_15P_S148_L007,10174589,3.689341902413703,1662.005718882464,0.22198130009410702,WD_GWI
GWP_15P_S148_L007,LMRD,MEG_3597|Drugs|Multi-drug_resistance|Multi-drug_ABC_efflux_pumps|LMRD,100.0,2036.0,1995.0,Multi-drug_resistance,GWP_15P_S148_L007,10174589,100.30394136275335,1662.005718882464,6.035114092760038,WD_GWI
GWP_15P_S148_L007,MEFA,MEG_3817|Drugs|MLS|MLS_resistance_MFS_efflux_pumps|MEFA,92.82799999999999,30.0,1227.0,MLS,GWP_15P_S148_L007,10174589,2.4030334542860894,1662.005718882464,0.1445863529219318,WD_GWI
GWP_15P_S148_L007,MLS23S,MEG_3992|Drugs|MLS|Macrolide-resistant_23S_rRNA_mutation|MLS23S|RequiresSNPConfirmation,99.9311,28252.0,2904.0,MLS,GWP_15P_S148_L007,10174589,956.1713144129013,1662.005718882464,57.53116872881959,WD_GWI
GWP_15P_S148_L007,O23S,MEG_4223|Drugs|Oxazolidinone|Oxazolidinone-resistant_23S_rRNA_mutation|O23S|RequiresSNPConfirmation,89.2686,3268.0,2926.0,Oxazolidinone,GWP_15P_S148_L007,10174589,109.77181652085572,1662.005718882464,6.604779711267571,WD_GWI
GWP_15P_S148_L007,RRSA,MEG_6145|Drugs|Aminoglycosides|Aminoglycoside-resistant_16S_ribosomal_subunit_protein|RRSA|RequiresSNPConfirmation,88.62,2622.0,1529.0,Aminoglycosides,GWP_15P_S148_L007,10174589,168.54207130866538,1662.005718882464,10.140883956885144,WD_GWI
GWP_15P_S148_L007,TET16S,MEG_6964|Drugs|Tetracyclines|Tetracycline-resistant_16S_ribosomal_subunit_protein|TET16S|RequiresSNPConfirmation,81.8977,978.0,1486.0,Tetracyclines,GWP_15P_S148_L007,10174589,64.68493861247269,1662.005718882464,3.891980507501922,WD_GWI
GWP_15P_S148_L007,TET32,MEG_6970|Drugs|Tetracyclines|Tetracycline_resistance_ribosomal_protection_proteins|TET32,83.3854,32.0,1920.0,Tetracyclines,GWP_15P_S148_L007,10174589,1.6380678046716841,1662.005718882464,0.09855969724178351,WD_GWI
GWP_15P_S148_L007,TET40,MEG_6991|Drugs|Tetracyclines|Tetracycline_resistance_ribosomal_protection_proteins|TET40,86.7322,36.0,1221.0,Tetracyclines,GWP_15P_S148_L007,10174589,2.8978103669867634,1662.005718882464,0.1743562211648259,WD_GWI
GWP_15P_S148_L007,TETW,MEG_7226|Drugs|Tetracyclines|Tetracycline_resistance_ribosomal_protection_proteins|TETW,99.6354,60.0,1920.0,Tetracyclines,GWP_15P_S148_L007,10174589,3.071377133759408,1662.005718882464,0.18479943232834412,WD_GWI
GWP_20P_S144_L007,A16S,MEG_5|Drugs|Aminoglycosides|Aminoglycoside-resistant_16S_ribosomal_subunit_protein|A16S|RequiresSNPConfirmation,91.4229,1270.0,1504.0,Aminoglycosides,GWP_20P_S144_L007,10347483,81.60582565025922,1297.451591711834,6.289700993205456,WD_Control
GWP_20P_S144_L007,LMRD,MEG_3597|Drugs|Multi-drug_resistance|Multi-drug_ABC_efflux_pumps|LMRD,100.0,2440.0,1995.0,Multi-drug_resistance,GWP_20P_S144_L007,10347483,118.1985652076235,1297.451591711834,9.11005589439175,WD_Control
GWP_20P_S144_L007,MLS23S,MEG_3988|Drugs|MLS|Macrolide-resistant_23S_rRNA_mutation|MLS23S|RequiresSNPConfirmation,100.0,14600.0,2900.0,MLS,GWP_20P_S144_L007,10347483,486.54177625811894,1297.451591711834,37.49980187054105,WD_Control
GWP_20P_S144_L007,O23S,MEG_4223|Drugs|Oxazolidinone|Oxazolidinone-resistant_23S_rRNA_mutation|O23S|RequiresSNPConfirmation,98.3595,6648.0,2926.0,Oxazolidinone,GWP_20P_S144_L007,10347483,219.57453283353607,1297.451591711834,16.923524101876776,WD_Control
GWP_20P_S144_L007,RPOB,MEG_6120|Drugs|Rifampin|Rifampin-resistant_beta-subunit_of_RNA_polymerase_RpoB|RPOB|RequiresSNPConfirmation,92.46700000000001,206.0,3717.0,Rifampin,GWP_20P_S144_L007,10347483,5.355992222638678,1297.451591711834,0.41280863631852954,WD_Control
GWP_20P_S144_L007,RPOC,MEG_6138|Drugs|Glycopeptides|Vancomycin-resistant_mutation|RPOC|RequiresSNPConfirmation,93.9472,268.0,3486.0,Glycopeptides,GWP_20P_S144_L007,10347483,7.429724151160612,1297.451591711834,0.5726397962453436,WD_Control
GWP_20P_S144_L007,RRSA,MEG_6145|Drugs|Aminoglycosides|Aminoglycoside-resistant_16S_ribosomal_subunit_protein|RRSA|RequiresSNPConfirmation,95.0294,4254.0,1529.0,Aminoglycosides,GWP_20P_S144_L007,10347483,268.8780059034874,1297.451591711834,20.72354819409753,WD_Control
GWP_20P_S144_L007,TET16S,MEG_6964|Drugs|Tetracyclines|Tetracycline-resistant_16S_ribosomal_subunit_protein|TET16S|RequiresSNPConfirmation,84.0511,1350.0,1486.0,Tetracyclines,GWP_20P_S144_L007,10347483,87.79711342624937,1297.451591711834,6.766889338076301,WD_Control
GWP_20P_S144_L007,TET40,MEG_6991|Drugs|Tetracyclines|Tetracycline_resistance_ribosomal_protection_proteins|TET40,96.3964,60.0,1221.0,Tetracyclines,GWP_20P_S144_L007,10347483,4.748985733056932,1297.451591711834,0.3660241170763995,WD_Control
GWP_20P_S144_L007,TUFAB,MEG_7304|Drugs|Elfamycins|EF-Tu_inhibition|TUFAB|RequiresSNPConfirmation,98.7437,214.0,1194.0,Elfamycins,GWP_20P_S144_L007,10347483,17.32107032570321,1297.451591711834,1.3350070581708644,WD_Control
GWP_5P_S130_L007,A16S,MEG_5|Drugs|Aminoglycosides|Aminoglycoside-resistant_16S_ribosomal_subunit_protein|A16S|RequiresSNPConfirmation,88.0984,678.0,1504.0,Aminoglycosides,GWP_5P_S130_L007,8813025,51.15132117977942,440.9976447658699,11.599000989435256,GWI
GWP_5P_S130_L007,ANT6,MEG_988|Drugs|Aminoglycosides|Aminoglycoside_O-nucleotidyltransferases|ANT6,99.30799999999999,30.0,867.0,Aminoglycosides,GWP_5P_S130_L007,8813025,3.926242819527628,440.9976447658699,0.8903092490691442,GWI
GWP_5P_S130_L007,MLS23S,MEG_3992|Drugs|MLS|Macrolide-resistant_23S_rRNA_mutation|MLS23S|RequiresSNPConfirmation,90.427,3448.0,2904.0,MLS,GWP_5P_S130_L007,8813025,134.72420918940546,440.9976447658699,30.54987045586874,GWI
GWP_5P_S130_L007,O23S,MEG_4223|Drugs|Oxazolidinone|Oxazolidinone-resistant_23S_rRNA_mutation|O23S|RequiresSNPConfirmation,88.961,2978.0,2926.0,Oxazolidinone,GWP_5P_S130_L007,8813025,115.48494438427535,440.9976447658699,26.18720207578149,GWI
GWP_5P_S130_L007,RRSA,MEG_6145|Drugs|Aminoglycosides|Aminoglycoside-resistant_16S_ribosomal_subunit_protein|RRSA|RequiresSNPConfirmation,89.4702,1512.0,1529.0,Aminoglycosides,GWP_5P_S130_L007,8813025,112.20683272487564,440.9976447658699,25.443862128662246,GWI
GWP_5P_S130_L007,TET16S,MEG_6964|Drugs|Tetracyclines|Tetracycline-resistant_16S_ribosomal_subunit_protein|TET16S|RequiresSNPConfirmation,86.4738,264.0,1486.0,Tetracyclines,GWP_5P_S130_L007,8813025,20.15858830139165,440.9976447658699,4.571132871263757,GWI
GWP_5P_S130_L007,TET40,MEG_6991|Drugs|Tetracyclines|Tetracycline_resistance_ribosomal_protection_proteins|TET40,97.7068,36.0,1221.0,Tetracyclines,GWP_5P_S130_L007,8813025,3.345506166614696,440.9976447658699,0.7586222299193591,GWI
GWP_18P_S128_L007,A16S,MEG_5|Drugs|Aminoglycosides|Aminoglycoside-resistant_16S_ribosomal_subunit_protein|A16S|RequiresSNPConfirmation,89.4947,712.0,1504.0,Aminoglycosides,GWP_18P_S128_L007,8993410,52.6390162707081,678.9616500598416,7.752870322803748,Control
GWP_18P_S128_L007,BEXA,MEG_1229|Multi-compound|Drug_and_biocide_resistance|Drug_and_biocide_MATE_efflux_pumps|BEXA,90.8408,30.0,1332.0,Drug_and_biocide_resistance,GWP_18P_S128_L007,8993410,2.504336233144327,678.9616500598416,0.3688479655549915,Control
GWP_18P_S128_L007,MEFA,MEG_3817|Drugs|MLS|MLS_resistance_MFS_efflux_pumps|MEFA,81.9886,10.0,1227.0,MLS,GWP_18P_S128_L007,8993410,0.9062145782527149,678.9616500598416,0.13347065746244194,Control
GWP_18P_S128_L007,MLS23S,MEG_3992|Drugs|MLS|Macrolide-resistant_23S_rRNA_mutation|MLS23S|RequiresSNPConfirmation,94.3526,5474.0,2904.0,MLS,GWP_18P_S128_L007,8993410,209.5963851192503,678.9616500598416,30.87013605271772,Control
GWP_18P_S128_L007,O23S,MEG_4223|Drugs|Oxazolidinone|Oxazolidinone-resistant_23S_rRNA_mutation|O23S|RequiresSNPConfirmation,89.2003,5408.0,2926.0,Oxazolidinone,GWP_18P_S128_L007,8993410,205.51237029688883,678.9616500598416,30.26862714245725,Control
GWP_18P_S128_L007,RRSA,MEG_6145|Drugs|Aminoglycosides|Aminoglycoside-resistant_16S_ribosomal_subunit_protein|RRSA|RequiresSNPConfirmation,93.2636,1614.0,1529.0,Aminoglycosides,GWP_18P_S128_L007,8993410,117.37393159260661,678.9616500598416,17.287269698113526,Control
GWP_18P_S128_L007,TET16S,MEG_6963|Drugs|Tetracyclines|Tetracycline-resistant_16S_ribosomal_subunit_protein|TET16S|RequiresSNPConfirmation,80.7462,1018.0,1501.0,Tetracyclines,GWP_18P_S128_L007,8993410,75.41238792081084,678.9616500598416,11.107017298276599,Control
GWP_18P_S128_L007,TETQ,MEG_7183|Drugs|Tetracyclines|Tetracycline_resistance_ribosomal_protection_proteins|TETQ,85.2544,48.0,1926.0,Tetracyclines,GWP_18P_S128_L007,8993410,2.771153364526059,678.9616500598416,0.40814578618421493,Control
GWP_18P_S128_L007,VAND,MEG_7383|Drugs|Glycopeptides|VanD-type_resistance_protein|VAND,87.4031,20.0,1032.0,Glycopeptides,GWP_18P_S128_L007,8993410,2.154893968054421,678.9616500598416,0.3173808075705742,Control
GWP_18P_S128_L007,VANHD,MEG_7419|Drugs|Glycopeptides|VanD-type_resistance_protein|VANHD,84.2593,26.0,972.0,Glycopeptides,GWP_18P_S128_L007,8993410,2.9742857484998058,678.9616500598416,0.43806388007889124,Control
GWP_18P_S128_L007,VANRD,MEG_7477|Drugs|Glycopeptides|VanD-type_regulator|VANRD,99.8569,24.0,699.0,Glycopeptides,GWP_18P_S128_L007,8993410,3.8177692275230255,678.9616500598416,0.562295267661515,Control
GWP_18P_S128_L007,VANSD,MEG_7504|Drugs|Glycopeptides|VanD-type_regulator|VANSD,100.0,34.0,1146.0,Glycopeptides,GWP_18P_S128_L007,8993410,3.2989057395765062,678.9616500598416,0.4858751211185125,Control
GWP_11P_S141_L007,A16S,MEG_2|Drugs|Aminoglycosides|Aminoglycoside-resistant_16S_ribosomal_subunit_protein|A16S|RequiresSNPConfirmation,89.1192,7142.0,1544.0,Aminoglycosides,GWP_11P_S141_L007,11671221,396.32937019989447,2895.9562860787487,13.685613008217805,WD_Control
GWP_11P_S141_L007,ANT6,MEG_988|Drugs|Aminoglycosides|Aminoglycoside_O-nucleotidyltransferases|ANT6,88.6967,32.0,867.0,Aminoglycosides,GWP_11P_S141_L007,11671221,3.16238388421731,2895.9562860787487,0.10919998687201582,WD_Control
GWP_11P_S141_L007,EFRA,MEG_2706|Multi-compound|Drug_and_biocide_resistance|Drug_and_biocide_ABC_efflux_pumps|EFRA,84.9691,22.0,1457.0,Drug_and_biocide_resistance,GWP_11P_S141_L007,11671221,1.2937394948430203,2895.9562860787487,0.044673999433700026,WD_Control
GWP_11P_S141_L007,EMEA,MEG_2714|Biocides|Quaternary_Ammonium_Compounds_(QACs)_resistance|QAC_efflux_pump|EMEA,88.9171,54.0,1182.0,Quaternary_Ammonium_Compounds_(QACs)_resistance,GWP_11P_S141_L007,11671221,3.9143530216604807,2895.9562860787487,0.13516616395341677,WD_Control
GWP_11P_S141_L007,LMRD,MEG_3597|Drugs|Multi-drug_resistance|Multi-drug_ABC_efflux_pumps|LMRD,100.0,4526.0,1995.0,Multi-drug_resistance,GWP_11P_S141_L007,11671221,194.38169144410813,2895.9562860787487,6.712176298327674,WD_Control
GWP_11P_S141_L007,MLS23S,MEG_3992|Drugs|MLS|Macrolide-resistant_23S_rRNA_mutation|MLS23S|RequiresSNPConfirmation,99.8278,59026.0,2904.0,MLS,GWP_11P_S141_L007,11671221,1741.5279494542667,2895.9562860787487,60.13654134995151,WD_Control
GWP_11P_S141_L007,O23S,MEG_4223|Drugs|Oxazolidinone|Oxazolidinone-resistant_23S_rRNA_mutation|O23S|RequiresSNPConfirmation,99.2139,5296.0,2926.0,Oxazolidinone,GWP_11P_S141_L007,11671221,155.0805604820627,2895.9562860787487,5.3550725619566775,WD_Control
GWP_11P_S141_L007,RRSA,MEG_6145|Drugs|Aminoglycosides|Aminoglycoside-resistant_16S_ribosomal_subunit_protein|RRSA|RequiresSNPConfirmation,86.2655,4818.0,1529.0,Aminoglycosides,GWP_11P_S141_L007,11671221,269.98710217985314,2895.9562860787487,9.322899778484828,WD_Control
GWP_11P_S141_L007,TET16S,MEG_6963|Drugs|Tetracyclines|Tetracycline-resistant_16S_ribosomal_subunit_protein|TET16S|RequiresSNPConfirmation,86.1426,2258.0,1501.0,Tetracyclines,GWP_11P_S141_L007,11671221,128.8922938199086,2895.9562860787487,4.450767935949558,WD_Control
GWP_11P_S141_L007,YYBT,MEG_7843|Drugs|Lipopeptides|Daptomycin-resistant_mutant|YYBT|RequiresSNPConfirmation,86.5959,32.0,1977.0,Lipopeptides,GWP_11P_S141_L007,11671221,1.3868420979344502,2895.9562860787487,0.04788891685282636,WD_Control
GWP_4P_S129_L007,A16S,MEG_2|Drugs|Aminoglycosides|Aminoglycoside-resistant_16S_ribosomal_subunit_protein|A16S|RequiresSNPConfirmation,86.9819,1094.0,1544.0,Aminoglycosides,GWP_4P_S129_L007,8033277,88.20176657644538,540.9427958092625,16.30519294456885,GWI
GWP_4P_S129_L007,ANT6,MEG_988|Drugs|Aminoglycosides|Aminoglycoside_O-nucleotidyltransferases|ANT6,88.2353,20.0,867.0,Aminoglycosides,GWP_4P_S129_L007,8033277,2.8715617237786835,540.9427958092625,0.5308438796162842,GWI
GWP_4P_S129_L007,MLS23S,MEG_3992|Drugs|MLS|Macrolide-resistant_23S_rRNA_mutation|MLS23S|RequiresSNPConfirmation,91.4256,3724.0,2904.0,MLS,GWP_4P_S129_L007,8033277,159.63213343763817,540.9427958092625,29.509984174726817,GWI
GWP_4P_S129_L007,O23S,MEG_4223|Drugs|Oxazolidinone|Oxazolidinone-resistant_23S_rRNA_mutation|O23S|RequiresSNPConfirmation,89.5762,2602.0,2926.0,Oxazolidinone,GWP_4P_S129_L007,8033277,110.69811561467772,540.9427958092625,20.46392270537051,GWI
GWP_4P_S129_L007,RRSA,MEG_6145|Drugs|Aminoglycosides|Aminoglycoside-resistant_16S_ribosomal_subunit_protein|RRSA|RequiresSNPConfirmation,89.4048,1310.0,1529.0,Aminoglycosides,GWP_4P_S129_L007,8033277,106.65250683505936,540.9427958092625,19.716041633478977,GWI
GWP_4P_S129_L007,TET16S,MEG_6963|Drugs|Tetracyclines|Tetracycline-resistant_16S_ribosomal_subunit_protein|TET16S|RequiresSNPConfirmation,82.8781,718.0,1501.0,Tetracyclines,GWP_4P_S129_L007,8033277,59.54578289215766,540.9427958092625,11.007778152045788,GWI
GWP_4P_S129_L007,TET40,MEG_6991|Drugs|Tetracyclines|Tetracycline_resistance_ribosomal_protection_proteins|TET40,92.3833,52.0,1221.0,Tetracyclines,GWP_4P_S129_L007,8033277,5.301453265963889,540.9427958092625,0.9800395359795476,GWI
GWP_4P_S129_L007,TETO,MEG_7162|Drugs|Tetracyclines|Tetracycline_resistance_ribosomal_protection_proteins|TETO,100.0,80.0,1920.0,Tetracyclines,GWP_4P_S129_L007,8033277,5.1867583635752466,540.9427958092625,0.9588367575569132,GWI
GWP_4P_S129_L007,TETW,MEG_7226|Drugs|Tetracyclines|Tetracycline_resistance_ribosomal_protection_proteins|TETW,92.1354,44.0,1920.0,Tetracyclines,GWP_4P_S129_L007,8033277,2.8527170999663856,540.9427958092625,0.5273602166563023,GWI
GWP_12P_S142_L007,A16S,MEG_11|Drugs|Aminoglycosides|Aminoglycoside-resistant_16S_ribosomal_subunit_protein|A16S|RequiresSNPConfirmation,91.3255,784.0,1441.0,Aminoglycosides,GWP_12P_S142_L007,8729883,62.322326702717355,1160.2969643739718,5.371239313406532,WD_Control
GWP_12P_S142_L007,ANT6,MEG_988|Drugs|Aminoglycosides|Aminoglycoside_O-nucleotidyltransferases|ANT6,90.6574,28.0,867.0,Aminoglycosides,GWP_12P_S142_L007,8729883,3.699393342338759,1160.2969643739718,0.31883159707607567,WD_Control
GWP_12P_S142_L007,BEXA,MEG_1229|Multi-compound|Drug_and_biocide_resistance|Drug_and_biocide_MATE_efflux_pumps|BEXA,86.6366,28.0,1332.0,Drug_and_biocide_resistance,GWP_12P_S142_L007,8729883,2.4079384593150928,1160.2969643739718,0.20752777377249065,WD_Control
GWP_12P_S142_L007,ERMG,MEG_2835|Drugs|MLS|23S_rRNA_methyltransferases|ERMG,92.6531,16.0,735.0,MLS,GWP_12P_S142_L007,8729883,2.493585249996271,1160.2969643739718,0.21490922811658508,WD_Control
GWP_12P_S142_L007,FOLP,MEG_2942|Drugs|Sulfonamides|Sulfonamide-resistant_dihydropteroate_synthases|FOLP|RequiresSNPConfirmation,90.2778,14.0,792.0,Sulfonamides,GWP_12P_S142_L007,8729883,2.0248573407876918,1160.2969643739718,0.17451199158141262,WD_Control
GWP_12P_S142_L007,GYRA,MEG_3200|Drugs|Fluoroquinolones|Fluoroquinolone-resistant_DNA_topoisomerases|GYRA|RequiresSNPConfirmation,81.9345,44.0,2502.0,Fluoroquinolones,GWP_12P_S142_L007,8729883,2.01445211293164,1160.2969643739718,0.17361521875725325,WD_Control
GWP_12P_S142_L007,LMRD,MEG_3597|Drugs|Multi-drug_resistance|Multi-drug_ABC_efflux_pumps|LMRD,100.0,3190.0,1995.0,Multi-drug_resistance,GWP_12P_S142_L007,8729883,183.16367971189715,1160.2969643739718,15.785931131063633,WD_Control
GWP_12P_S142_L007,MLS23S,MEG_3988|Drugs|MLS|Macrolide-resistant_23S_rRNA_mutation|MLS23S|RequiresSNPConfirmation,99.931,6306.0,2900.0,MLS,GWP_12P_S142_L007,8729883,249.08498299698743,1160.2969643739718,21.46734763986727,WD_Control
GWP_12P_S142_L007,O23S,MEG_4223|Drugs|Oxazolidinone|Oxazolidinone-resistant_23S_rRNA_mutation|O23S|RequiresSNPConfirmation,98.838,5658.0,2926.0,Oxazolidinone,GWP_12P_S142_L007,8729883,221.50329861995883,1160.2969643739718,19.090224780469804,WD_Control
GWP_12P_S142_L007,RRSA,MEG_6145|Drugs|Aminoglycosides|Aminoglycoside-resistant_16S_ribosomal_subunit_protein|RRSA|RequiresSNPConfirmation,90.5167,3598.0,1529.0,Aminoglycosides,GWP_12P_S142_L007,8729883,269.55367074773704,1160.2969643739718,23.231438073542872,WD_Control
GWP_12P_S142_L007,TET16S,MEG_6963|Drugs|Tetracyclines|Tetracycline-resistant_16S_ribosomal_subunit_protein|TET16S|RequiresSNPConfirmation,83.6109,1956.0,1501.0,Tetracyclines,GWP_12P_S142_L007,8729883,149.27247545426545,1160.2969643739718,12.865023355017058,WD_Control
GWP_12P_S142_L007,TETW,MEG_7226|Drugs|Tetracyclines|Tetracycline_resistance_ribosomal_protection_proteins|TETW,93.2812,76.0,1920.0,Tetracyclines,GWP_12P_S142_L007,8729883,4.5342341166924385,1160.2969643739718,0.3907822097198061,WD_Control
GWP_12P_S142_L007,TUFAB,MEG_7304|Drugs|Elfamycins|EF-Tu_inhibition|TUFAB|RequiresSNPConfirmation,96.2312,70.0,1194.0,Elfamycins,GWP_12P_S142_L007,8729883,6.715607260903902,1160.2969643739718,0.5787834896669967,WD_Control
GWP_12P_S142_L007,YYBT,MEG_7843|Drugs|Lipopeptides|Daptomycin-resistant_mutant|YYBT|RequiresSNPConfirmation,88.5685,26.0,1977.0,Lipopeptides,GWP_12P_S142_L007,8729883,1.5064622574427398,1160.2969643739718,0.12983419794220857,WD_Control
GWP_1P_S123_L007,A16S,MEG_2|Drugs|Aminoglycosides|Aminoglycoside-resistant_16S_ribosomal_subunit_protein|A16S|RequiresSNPConfirmation,86.9819,1132.0,1544.0,Aminoglycosides,GWP_1P_S123_L007,11058875,66.29613064273337,370.4522960104035,17.895996692883653,Control
GWP_1P_S123_L007,ANT6,MEG_988|Drugs|Aminoglycosides|Aminoglycoside_O-nucleotidyltransferases|ANT6,97.9239,22.0,867.0,Aminoglycosides,GWP_1P_S123_L007,11058875,2.2945241559094223,370.4522960104035,0.6193845147189977,Control
GWP_1P_S123_L007,MLS23S,MEG_3992|Drugs|MLS|Macrolide-resistant_23S_rRNA_mutation|MLS23S|RequiresSNPConfirmation,95.3512,2492.0,2904.0,MLS,GWP_1P_S123_L007,11058875,77.59620411326517,370.4522960104035,20.946341795945038,Control
GWP_1P_S123_L007,O23S,MEG_4223|Drugs|Oxazolidinone|Oxazolidinone-resistant_23S_rRNA_mutation|O23S|RequiresSNPConfirmation,87.4573,2850.0,2926.0,Oxazolidinone,GWP_1P_S123_L007,11058875,88.07640687013588,370.4522960104035,23.775370761276758,Control
GWP_1P_S123_L007,RRSA,MEG_6145|Drugs|Aminoglycosides|Aminoglycoside-resistant_16S_ribosomal_subunit_protein|RRSA|RequiresSNPConfirmation,86.1347,1828.0,1529.0,Aminoglycosides,GWP_1P_S123_L007,11058875,108.10798103695528,370.4522960104035,29.18269968933308,Control
GWP_1P_S123_L007,TET16S,MEG_6963|Drugs|Tetracyclines|Tetracycline-resistant_16S_ribosomal_subunit_protein|TET16S|RequiresSNPConfirmation,81.2125,444.0,1501.0,Tetracyclines,GWP_1P_S123_L007,11058875,26.74800087120769,370.4522960104035,7.220363096482609,Control
GWP_1P_S123_L007,TET40,MEG_6991|Drugs|Tetracyclines|Tetracycline_resistance_ribosomal_protection_proteins|TET40,80.9173,18.0,1221.0,Tetracyclines,GWP_1P_S123_L007,11058875,1.3330483201966512,370.4522960104035,0.3598434493598644,Control
GWP_25P_S132_L007,A16S,MEG_7|Drugs|Aminoglycosides|Aminoglycoside-resistant_16S_ribosomal_subunit_protein|A16S|RequiresSNPConfirmation,90.8679,862.0,1544.0,Aminoglycosides,GWP_25P_S132_L007,8994453,62.070495608839636,472.6284788643659,13.133041783259218,GWI
GWP_25P_S132_L007,ANT6,MEG_988|Drugs|Aminoglycosides|Aminoglycoside_O-nucleotidyltransferases|ANT6,88.12,20.0,867.0,Aminoglycosides,GWP_25P_S132_L007,8994453,2.5646974585015507,472.6284788643659,0.5426455605603832,GWI
GWP_25P_S132_L007,MLS23S,MEG_3992|Drugs|MLS|Macrolide-resistant_23S_rRNA_mutation|MLS23S|RequiresSNPConfirmation,94.5592,2944.0,2904.0,MLS,GWP_25P_S132_L007,8994453,112.7110347547756,472.6284788643659,23.847702750709868,GWI
GWP_25P_S132_L007,O23S,MEG_4223|Drugs|Oxazolidinone|Oxazolidinone-resistant_23S_rRNA_mutation|O23S|RequiresSNPConfirmation,86.9446,2522.0,2926.0,Oxazolidinone,GWP_25P_S132_L007,8994453,95.82878982613757,472.6284788643659,20.275712131523573,GWI
GWP_25P_S132_L007,RRSA,MEG_6145|Drugs|Aminoglycosides|Aminoglycoside-resistant_16S_ribosomal_subunit_protein|RRSA|RequiresSNPConfirmation,92.7404,1424.0,1529.0,Aminoglycosides,GWP_25P_S132_L007,8994453,103.54466971372409,472.6284788643659,21.908258673392204,GWI
GWP_25P_S132_L007,TET16S,MEG_6963|Drugs|Tetracyclines|Tetracycline-resistant_16S_ribosomal_subunit_protein|TET16S|RequiresSNPConfirmation,80.6129,1128.0,1501.0,Tetracyclines,GWP_25P_S132_L007,8994453,83.55138446620629,472.6284788643659,17.67802580728186,GWI
GWP_25P_S132_L007,TET40,MEG_6991|Drugs|Tetracyclines|Tetracycline_resistance_ribosomal_protection_proteins|TET40,84.1933,26.0,1221.0,Tetracyclines,GWP_25P_S132_L007,8994453,2.367461511447255,472.6284788643659,0.5009138503747813,GWI
GWP_25P_S132_L007,TETQ,MEG_7183|Drugs|Tetracyclines|Tetracycline_resistance_ribosomal_protection_proteins|TETQ,85.3063,92.0,1926.0,Tetracyclines,GWP_25P_S132_L007,8994453,5.310761372791218,472.6284788643659,1.1236651218208311,GWI
GWP_25P_S132_L007,VAND,MEG_7383|Drugs|Glycopeptides|VanD-type_resistance_protein|VAND,86.1434,8.0,1032.0,Glycopeptides,GWP_25P_S132_L007,8994453,0.8618576343104049,472.6284788643659,0.18235414767668692,GWI
GWP_25P_S132_L007,VANRD,MEG_7477|Drugs|Glycopeptides|VanD-type_regulator|VANRD,96.7096,24.0,699.0,Glycopeptides,GWP_25P_S132_L007,8994453,3.817326517632351,472.6284788643659,0.8076801734006048,GWI
GWP_27P_S133_L007,A16S,MEG_2|Drugs|Aminoglycosides|Aminoglycoside-resistant_16S_ribosomal_subunit_protein|A16S|RequiresSNPConfirmation,83.9378,722.0,1544.0,Aminoglycosides,GWP_27P_S133_L007,7556281,61.88448792612144,190.86482686192335,32.42320177247236,GWI
GWP_27P_S133_L007,ANT6,MEG_988|Drugs|Aminoglycosides|Aminoglycoside_O-nucleotidyltransferases|ANT6,83.8524,32.0,867.0,Aminoglycosides,GWP_27P_S133_L007,7556281,4.884529995580979,190.86482686192335,2.559156695284971,GWI
GWP_27P_S133_L007,MLS23S,MEG_3988|Drugs|MLS|Macrolide-resistant_23S_rRNA_mutation|MLS23S|RequiresSNPConfirmation,86.7241,1092.0,2900.0,MLS,GWP_27P_S133_L007,7556281,49.832943499312826,190.86482686192335,26.109024024297202,GWI
GWP_27P_S133_L007,RRSA,MEG_6145|Drugs|Aminoglycosides|Aminoglycoside-resistant_16S_ribosomal_subunit_protein|RRSA|RequiresSNPConfirmation,91.0399,858.0,1529.0,Aminoglycosides,GWP_27P_S133_L007,7556281,74.26286544090812,190.86482686192335,38.90861750794547,GWI
GWP26_S46_L001,A16S,MEG_5|Drugs|Aminoglycosides|Aminoglycoside-resistant_16S_ribosomal_subunit_protein|A16S|RequiresSNPConfirmation,90.625,688.0,1504.0,Aminoglycosides,GWP26_S46_L001,8466926,54.02749575355192,399.05642466969346,13.53881115891606,GWI
GWP26_S46_L001,MLS23S,MEG_3988|Drugs|MLS|Macrolide-resistant_23S_rRNA_mutation|MLS23S|RequiresSNPConfirmation,92.2414,2270.0,2900.0,MLS,GWP26_S46_L001,8466926,92.4489738884756,399.05642466969346,23.166892743299993,GWI
GWP26_S46_L001,O23S,MEG_4223|Drugs|Oxazolidinone|Oxazolidinone-resistant_23S_rRNA_mutation|O23S|RequiresSNPConfirmation,87.6623,2780.0,2926.0,Oxazolidinone,GWP26_S46_L001,8466926,112.21339705223566,399.05642466969346,28.119681858302826,GWI
GWP26_S46_L001,RRSA,MEG_6145|Drugs|Aminoglycosides|Aminoglycoside-resistant_16S_ribosomal_subunit_protein|RRSA|RequiresSNPConfirmation,91.8247,1328.0,1529.0,Aminoglycosides,GWP26_S46_L001,8466926,102.58050329151737,399.05642466969346,25.70576413509072,GWI
GWP26_S46_L001,TET16S,MEG_6964|Drugs|Tetracyclines|Tetracycline-resistant_16S_ribosomal_subunit_protein|TET16S|RequiresSNPConfirmation,83.9838,336.0,1486.0,Tetracyclines,GWP26_S46_L001,8466926,26.705130456042188,399.05642466969346,6.692068791561627,GWI
GWP26_S46_L001,TET40,MEG_6991|Drugs|Tetracyclines|Tetracycline_resistance_ribosomal_protection_proteins|TET40,98.7715,36.0,1221.0,Tetracyclines,GWP26_S46_L001,8466926,3.4822590257703308,399.05642466969346,0.8726232208020864,GWI
GWP26_S46_L001,TETO,MEG_7156|Drugs|Tetracyclines|Tetracycline_resistance_ribosomal_protection_proteins|TETO,86.6667,26.0,1920.0,Tetracyclines,GWP26_S46_L001,8466926,1.5993604605339253,399.05642466969346,0.4007855435124861,GWI
GWP26_S46_L001,VANHD,MEG_7419|Drugs|Glycopeptides|VanD-type_resistance_protein|VANHD,84.5679,16.0,972.0,Glycopeptides,GWP26_S46_L001,8466926,1.9441418703546292,399.05642466969346,0.48718470626399063,GWI
GWP26_S46_L001,VANRD,MEG_7477|Drugs|Glycopeptides|VanD-type_regulator|VANRD,100.0,24.0,699.0,Glycopeptides,GWP26_S46_L001,8466926,4.0551628712118015,399.05642466969346,1.0161878422502122,GWI
GWP_14P_S147_L007,A16S,MEG_5|Drugs|Aminoglycosides|Aminoglycoside-resistant_16S_ribosomal_subunit_protein|A16S|RequiresSNPConfirmation,89.4282,492.0,1504.0,Aminoglycosides,GWP_14P_S147_L007,8357489,39.14185942386141,775.7460233419146,5.045705455922061,WD_GWI
GWP_14P_S147_L007,ANT6,MEG_988|Drugs|Aminoglycosides|Aminoglycoside_O-nucleotidyltransferases|ANT6,95.271,34.0,867.0,Aminoglycosides,GWP_14P_S147_L007,8357489,4.692280932049065,775.7460233419146,0.6048733465412706,WD_GWI
GWP_14P_S147_L007,BEXA,MEG_1229|Multi-compound|Drug_and_biocide_resistance|Drug_and_biocide_MATE_efflux_pumps|BEXA,98.3483,36.0,1332.0,Drug_and_biocide_resistance,GWP_14P_S147_L007,8357489,3.233869291006788,775.7460233419146,0.41687217126492976,WD_GWI
GWP_14P_S147_L007,ERMG,MEG_2835|Drugs|MLS|23S_rRNA_methyltransferases|ERMG,87.2109,8.0,735.0,MLS,GWP_14P_S147_L007,8357489,1.3023473607319853,775.7460233419146,0.1678832145502302,WD_GWI
GWP_14P_S147_L007,LMRD,MEG_3597|Drugs|Multi-drug_resistance|Multi-drug_ABC_efflux_pumps|LMRD,100.0,490.0,1995.0,Multi-drug_resistance,GWP_14P_S147_L007,8357489,29.388496363886247,775.7460233419146,3.7884172757058527,WD_GWI
GWP_14P_S147_L007,MLS23S,MEG_3992|Drugs|MLS|Macrolide-resistant_23S_rRNA_mutation|MLS23S|RequiresSNPConfirmation,98.416,9582.0,2904.0,MLS,GWP_14P_S147_L007,8357489,394.8059969758266,775.7460233419146,50.893718446019484,WD_GWI
GWP_14P_S147_L007,MSRD,MEG_4073|Drugs|MLS|MLS_resistance_ABC_efflux_pumps|MSRD,86.5437,30.0,1464.0,MLS,GWP_14P_S147_L007,8357489,2.451909093591212,775.7460233419146,0.3160711134590655,WD_GWI
GWP_14P_S147_L007,O23S,MEG_4223|Drugs|Oxazolidinone|Oxazolidinone-resistant_23S_rRNA_mutation|O23S|RequiresSNPConfirmation,84.8599,2840.0,2926.0,Oxazolidinone,GWP_14P_S147_L007,8357489,116.13635854374343,775.7460233419146,14.970925412344092,WD_GWI
GWP_14P_S147_L007,RRSA,MEG_6145|Drugs|Aminoglycosides|Aminoglycoside-resistant_16S_ribosomal_subunit_protein|RRSA|RequiresSNPConfirmation,89.3394,1738.0,1529.0,Aminoglycosides,GWP_14P_S147_L007,8357489,136.00863219586822,775.7460233419146,17.532623836077548,WD_GWI
GWP_14P_S147_L007,TET16S,MEG_6964|Drugs|Tetracyclines|Tetracycline-resistant_16S_ribosomal_subunit_protein|TET16S|RequiresSNPConfirmation,85.3297,562.0,1486.0,Tetracyclines,GWP_14P_S147_L007,8357489,45.2524078312215,775.7460233419146,5.8334050668122135,WD_GWI
GWP_14P_S147_L007,TET40,MEG_6991|Drugs|Tetracyclines|Tetracycline_resistance_ribosomal_protection_proteins|TET40,91.2367,34.0,1221.0,Tetracyclines,GWP_14P_S147_L007,8357489,3.3318653301282053,775.7460233419146,0.42950466130326087,WD_GWI
GWP_13P_S146_L007,A16S,MEG_2|Drugs|Aminoglycosides|Aminoglycoside-resistant_16S_ribosomal_subunit_protein|A16S|RequiresSNPConfirmation,92.1632,3420.0,1544.0,Aminoglycosides,GWP_13P_S146_L007,12075226,183.43556524207094,1149.7944054264347,15.953770898201453,WD_GWI
GWP_13P_S146_L007,ANT6,MEG_988|Drugs|Aminoglycosides|Aminoglycoside_O-nucleotidyltransferases|ANT6,100.0,76.0,867.0,Aminoglycosides,GWP_13P_S146_L007,12075226,7.25937492589408,1149.7944054264347,0.631362867277279,WD_GWI
GWP_13P_S146_L007,BEXA,MEG_1229|Multi-compound|Drug_and_biocide_resistance|Drug_and_biocide_MATE_efflux_pumps|BEXA,100.0,98.0,1332.0,Drug_and_biocide_resistance,GWP_13P_S146_L007,12075226,6.09293553375925,1149.7944054264347,0.5299152183210969,WD_GWI
GWP_13P_S146_L007,ERMG,MEG_2835|Drugs|MLS|23S_rRNA_methyltransferases|ERMG,99.8639,26.0,735.0,MLS,GWP_13P_S146_L007,12075226,2.929481374498825,1149.7944054264347,0.254783060403946,WD_GWI
GWP_13P_S146_L007,LMRD,MEG_3597|Drugs|Multi-drug_resistance|Multi-drug_ABC_efflux_pumps|LMRD,100.0,1296.0,1995.0,Multi-drug_resistance,GWP_13P_S146_L007,12075226,53.79808710415656,1149.7944054264347,4.678931020211738,WD_GWI
GWP_13P_S146_L007,MEFA,MEG_3817|Drugs|MLS|MLS_resistance_MFS_efflux_pumps|MEFA,86.4711,50.0,1227.0,MLS,GWP_13P_S146_L007,12075226,3.3746611658463985,1149.7944054264347,0.29350126856764513,WD_GWI
GWP_13P_S146_L007,MLS23S,MEG_3992|Drugs|MLS|Macrolide-resistant_23S_rRNA_mutation|MLS23S|RequiresSNPConfirmation,98.5882,19704.0,2904.0,MLS,GWP_13P_S146_L007,12075226,561.9045115132544,1149.7944054264347,48.86999874598066,WD_GWI
GWP_13P_S146_L007,MSRD,MEG_4073|Drugs|MLS|MLS_resistance_ABC_efflux_pumps|MSRD,81.8306,48.0,1464.0,MLS,GWP_13P_S146_L007,12075226,2.715219180651496,1149.7944054264347,0.23614823379180366,WD_GWI
GWP_13P_S146_L007,O23S,MEG_4223|Drugs|Oxazolidinone|Oxazolidinone-resistant_23S_rRNA_mutation|O23S|RequiresSNPConfirmation,91.4559,3974.0,2926.0,Oxazolidinone,GWP_13P_S146_L007,12075226,112.47558825332395,1149.7944054264347,9.78223478236608,WD_GWI
GWP_13P_S146_L007,RRSA,MEG_6145|Drugs|Aminoglycosides|Aminoglycoside-resistant_16S_ribosomal_subunit_protein|RRSA|RequiresSNPConfirmation,91.6939,2860.0,1529.0,Aminoglycosides,GWP_13P_S146_L007,12075226,154.90423095371483,1149.7944054264347,13.472341683230239,WD_GWI
GWP_13P_S146_L007,TET16S,MEG_6964|Drugs|Tetracyclines|Tetracycline-resistant_16S_ribosomal_subunit_protein|TET16S|RequiresSNPConfirmation,85.5316,992.0,1486.0,Tetracyclines,GWP_13P_S146_L007,12075226,55.283762806050916,1149.7944054264347,4.808143311981704,WD_GWI
GWP_13P_S146_L007,TET40,MEG_6991|Drugs|Tetracyclines|Tetracycline_resistance_ribosomal_protection_proteins|TET40,93.448,32.0,1221.0,Tetracyclines,GWP_13P_S146_L007,12075226,2.1703963311350205,1149.7944054264347,0.18876386255593808,WD_GWI
GWP_13P_S146_L007,TETW,MEG_7226|Drugs|Tetracyclines|Tetracycline_resistance_ribosomal_protection_proteins|TETW,93.75,80.0,1920.0,Tetracyclines,GWP_13P_S146_L007,12075226,3.4505910420779426,1149.7944054264347,0.3001050471104172,WD_GWI
GWP_2P_S124_L007,A16S,MEG_4|Drugs|Aminoglycosides|Aminoglycoside-resistant_16S_ribosomal_subunit_protein|A16S|RequiresSNPConfirmation,90.9736,594.0,1551.0,Aminoglycosides,GWP_2P_S124_L007,8825858,43.39280366897533,343.62267880910076,12.62803835281261,Control
GWP_2P_S124_L007,ANT6,MEG_988|Drugs|Aminoglycosides|Aminoglycoside_O-nucleotidyltransferases|ANT6,100.0,46.0,867.0,Aminoglycosides,GWP_2P_S124_L007,8825858,6.011485424344783,343.62267880910076,1.749443734382985,Control
GWP_2P_S124_L007,ANT9,MEG_1003|Drugs|Aminoglycosides|Aminoglycoside_O-nucleotidyltransferases|ANT9,88.2883,12.0,777.0,Aminoglycosides,GWP_2P_S124_L007,8825858,1.74985995061505,343.62267880910076,0.5092387838543052,Control
GWP_2P_S124_L007,MLS23S,MEG_3992|Drugs|MLS|Macrolide-resistant_23S_rRNA_mutation|MLS23S|RequiresSNPConfirmation,89.3939,1806.0,2904.0,MLS,GWP_2P_S124_L007,8825858,70.46349787706544,343.62267880910076,20.506067329802573,Control
GWP_2P_S124_L007,O23S,MEG_4223|Drugs|Oxazolidinone|Oxazolidinone-resistant_23S_rRNA_mutation|O23S|RequiresSNPConfirmation,88.6535,2000.0,2926.0,Oxazolidinone,GWP_2P_S124_L007,8825858,77.4459547521015,343.62267880910076,22.538080146661834,Control
GWP_2P_S124_L007,RRSA,MEG_6145|Drugs|Aminoglycosides|Aminoglycoside-resistant_16S_ribosomal_subunit_protein|RRSA|RequiresSNPConfirmation,87.9006,1152.0,1529.0,Aminoglycosides,GWP_2P_S124_L007,8825858,85.3666144122157,343.62267880910076,24.843125811157833,Control
GWP_2P_S124_L007,TET16S,MEG_6964|Drugs|Tetracyclines|Tetracycline-resistant_16S_ribosomal_subunit_protein|TET16S|RequiresSNPConfirmation,82.63799999999999,294.0,1486.0,Tetracyclines,GWP_2P_S124_L007,8825858,22.416695121052086,343.62267880910076,6.523636681589825,Control
GWP_2P_S124_L007,TET32,MEG_6970|Drugs|Tetracyclines|Tetracycline_resistance_ribosomal_protection_proteins|TET32,92.3958,58.0,1920.0,Tetracyclines,GWP_2P_S124_L007,8825858,3.4227078356952187,343.62267880910076,0.9960657566483558,Control
GWP_2P_S124_L007,TET40,MEG_6991|Drugs|Tetracyclines|Tetracycline_resistance_ribosomal_protection_proteins|TET40,94.1851,44.0,1221.0,Tetracyclines,GWP_2P_S124_L007,8825858,4.083006551435116,343.62267880910076,1.1882238289933786,Control
GWP_2P_S124_L007,TETW,MEG_7226|Drugs|Tetracyclines|Tetracycline_resistance_ribosomal_protection_proteins|TETW,100.0,496.0,1920.0,Tetracyclines,GWP_2P_S124_L007,8825858,29.27005321560049,343.62267880910076,8.518079574096284,Control
GWP_36P_S151_L007,A16S,MEG_5|Drugs|Aminoglycosides|Aminoglycoside-resistant_16S_ribosomal_subunit_protein|A16S|RequiresSNPConfirmation,90.492,756.0,1504.0,Aminoglycosides,GWP_36P_S151_L007,10832250,46.403985734088955,1740.0446860360328,2.666827243373911,WD_GWI
GWP_36P_S151_L007,FOLP,MEG_2942|Drugs|Sulfonamides|Sulfonamide-resistant_dihydropteroate_synthases|FOLP|RequiresSNPConfirmation,82.5758,6.0,792.0,Sulfonamides,GWP_36P_S151_L007,10832250,0.6993706363643357,1740.0446860360328,0.040192682519985194,WD_GWI
GWP_36P_S151_L007,LMRD,MEG_3597|Drugs|Multi-drug_resistance|Multi-drug_ABC_efflux_pumps|LMRD,100.0,2512.0,1995.0,Multi-drug_resistance,GWP_36P_S151_L007,10832250,116.24065818958992,1740.0446860360328,6.68032603544199,WD_GWI
GWP_36P_S151_L007,LNUA,MEG_3606|Drugs|MLS|Lincosamide_nucleotidyltransferases|LNUA,100.0,16.0,513.0,MLS,GWP_36P_S151_L007,10832250,2.879280280704634,1740.0446860360328,0.1654716286202899,WD_GWI
GWP_36P_S151_L007,MEFE,MEG_3830|Drugs|MLS|MLS_resistance_MFS_efflux_pumps|MEFE,91.2106,36.0,1206.0,MLS,GWP_36P_S151_L007,10832250,2.7557290746296212,1740.0446860360328,0.15837116694441924,WD_GWI
GWP_36P_S151_L007,MLS23S,MEG_3992|Drugs|MLS|Macrolide-resistant_23S_rRNA_mutation|MLS23S|RequiresSNPConfirmation,100.0,35918.0,2904.0,MLS,GWP_36P_S151_L007,10832250,1141.8179325879187,1740.0446860360328,65.62003503421946,WD_GWI
GWP_36P_S151_L007,O23S,MEG_4223|Drugs|Oxazolidinone|Oxazolidinone-resistant_23S_rRNA_mutation|O23S|RequiresSNPConfirmation,91.5243,3836.0,2926.0,Oxazolidinone,GWP_36P_S151_L007,10832250,121.02792907189136,1740.0446860360328,6.955449480300595,WD_GWI
GWP_36P_S151_L007,RPOB,MEG_6120|Drugs|Rifampin|Rifampin-resistant_beta-subunit_of_RNA_polymerase_RpoB|RPOB|RequiresSNPConfirmation,92.3056,242.0,3717.0,Rifampin,GWP_36P_S151_L007,10832250,6.010410440683977,1740.0446860360328,0.34541701652365,WD_GWI
GWP_36P_S151_L007,RPOC,MEG_6138|Drugs|Glycopeptides|Vancomycin-resistant_mutation|RPOC|RequiresSNPConfirmation,92.9145,238.0,3486.0,Glycopeptides,GWP_36P_S151_L007,10832250,6.302761879524375,1740.0446860360328,0.3622183918668545,WD_GWI
GWP_36P_S151_L007,RRSA,MEG_6145|Drugs|Aminoglycosides|Aminoglycoside-resistant_16S_ribosomal_subunit_protein|RRSA|RequiresSNPConfirmation,91.4977,3098.0,1529.0,Aminoglycosides,GWP_36P_S151_L007,10832250,187.04894084518378,1740.0446860360328,10.749663060165249,WD_GWI
GWP_36P_S151_L007,TET16S,MEG_6963|Drugs|Tetracyclines|Tetracycline-resistant_16S_ribosomal_subunit_protein|TET16S|RequiresSNPConfirmation,83.3444,1604.0,1501.0,Tetracyclines,GWP_36P_S151_L007,10832250,98.6517961999654,1740.0446860360328,5.669497857822401,WD_GWI
GWP_36P_S151_L007,TUFAB,MEG_7304|Drugs|Elfamycins|EF-Tu_inhibition|TUFAB|RequiresSNPConfirmation,98.7437,132.0,1194.0,Elfamycins,GWP_36P_S151_L007,10832250,10.205891095487592,1740.0446860360328,0.5865304022011909,WD_GWI
GWP_34P_S149_L007,A16S,MEG_5|Drugs|Aminoglycosides|Aminoglycoside-resistant_16S_ribosomal_subunit_protein|A16S|RequiresSNPConfirmation,89.4947,362.0,1504.0,Aminoglycosides,GWP_34P_S149_L007,6889265,34.93717970809689,664.7866299010597,5.255397466898003,WD_GWI
GWP_34P_S149_L007,ANT6,MEG_988|Drugs|Aminoglycosides|Aminoglycoside_O-nucleotidyltransferases|ANT6,95.8478,76.0,867.0,Aminoglycosides,GWP_34P_S149_L007,6889265,12.72393975974277,664.7866299010597,1.9139885171331557,WD_GWI
GWP_34P_S149_L007,LMRD,MEG_3597|Drugs|Multi-drug_resistance|Multi-drug_ABC_efflux_pumps|LMRD,100.0,460.0,1995.0,Multi-drug_resistance,GWP_34P_S149_L007,6889265,33.46894641195496,664.7866299010597,5.034539641228367,WD_GWI
GWP_34P_S149_L007,MEFE,MEG_3830|Drugs|MLS|MLS_resistance_MFS_efflux_pumps|MEFE,80.2653,18.0,1206.0,MLS,GWP_34P_S149_L007,6889265,2.166468140553217,664.7866299010597,0.3258892467310381,WD_GWI
GWP_34P_S149_L007,MLS23S,MEG_3992|Drugs|MLS|Macrolide-resistant_23S_rRNA_mutation|MLS23S|RequiresSNPConfirmation,98.5537,7094.0,2904.0,MLS,GWP_34P_S149_L007,6889265,354.5860792936167,664.7866299010597,53.338328923129794,WD_GWI
GWP_34P_S149_L007,O23S,MEG_4223|Drugs|Oxazolidinone|Oxazolidinone-resistant_23S_rRNA_mutation|O23S|RequiresSNPConfirmation,90.6357,1290.0,2926.0,Oxazolidinone,GWP_34P_S149_L007,6889265,63.99447757621823,664.7866299010597,9.626318385155031,WD_GWI
GWP_34P_S149_L007,RPOB,MEG_6120|Drugs|Rifampin|Rifampin-resistant_beta-subunit_of_RNA_polymerase_RpoB|RPOB|RequiresSNPConfirmation,82.3245,92.0,3717.0,Rifampin,GWP_34P_S149_L007,6889265,3.5927117617352784,664.7866299010597,0.540430808945418,WD_GWI
GWP_34P_S149_L007,RPOC,MEG_6138|Drugs|Glycopeptides|Vancomycin-resistant_mutation|RPOC|RequiresSNPConfirmation,87.6076,100.0,3486.0,Glycopeptides,GWP_34P_S149_L007,6889265,4.163894590277267,664.7866299010597,0.6263505315828901,WD_GWI
GWP_34P_S149_L007,RRSA,MEG_6145|Drugs|Aminoglycosides|Aminoglycoside-resistant_16S_ribosomal_subunit_protein|RRSA|RequiresSNPConfirmation,91.4977,992.0,1529.0,Aminoglycosides,GWP_34P_S149_L007,6889265,94.17406049295553,664.7866299010597,14.166058139131271,WD_GWI
GWP_34P_S149_L007,TET16S,MEG_6963|Drugs|Tetracyclines|Tetracycline-resistant_16S_ribosomal_subunit_protein|TET16S|RequiresSNPConfirmation,85.4097,530.0,1501.0,Tetracyclines,GWP_34P_S149_L007,6889265,51.253353544999825,664.7866299010597,7.709744937654338,WD_GWI
GWP_34P_S149_L007,TUFAB,MEG_7304|Drugs|Elfamycins|EF-Tu_inhibition|TUFAB|RequiresSNPConfirmation,91.4573,80.0,1194.0,Elfamycins,GWP_34P_S149_L007,6889265,9.725518620908913,664.7866299010597,1.4629534024106898,WD_GWI
GWP_21P_S145_L007,A16S,MEG_5|Drugs|Aminoglycosides|Aminoglycoside-resistant_16S_ribosomal_subunit_protein|A16S|RequiresSNPConfirmation,89.8271,926.0,1504.0,Aminoglycosides,GWP_21P_S145_L007,7859612,78.33611752866453,1729.9387645547265,4.528259562345125,WD_Control
GWP_21P_S145_L007,ANT6,MEG_988|Drugs|Aminoglycosides|Aminoglycoside_O-nucleotidyltransferases|ANT6,83.1603,16.0,867.0,Aminoglycosides,GWP_21P_S145_L007,7859612,2.348009112888692,1729.9387645547265,0.13572787436167155,WD_Control
GWP_21P_S145_L007,LMRD,MEG_3597|Drugs|Multi-drug_resistance|Multi-drug_ABC_efflux_pumps|LMRD,100.0,388.0,1995.0,Multi-drug_resistance,GWP_21P_S145_L007,7859612,24.745014835191242,1729.9387645547265,1.4303983090153152,WD_Control
GWP_21P_S145_L007,MLS23S,MEG_3992|Drugs|MLS|Macrolide-resistant_23S_rRNA_mutation|MLS23S|RequiresSNPConfirmation,99.8278,22774.0,2904.0,MLS,GWP_21P_S145_L007,7859612,997.7956292724641,1729.9387645547265,57.678089520659384,WD_Control
GWP_21P_S145_L007,O23S,MEG_4223|Drugs|Oxazolidinone|Oxazolidinone-resistant_23S_rRNA_mutation|O23S|RequiresSNPConfirmation,88.756,8310.0,2926.0,Oxazolidinone,GWP_21P_S145_L007,7859612,361.34794976647004,1729.9387645547265,20.88790407904862,WD_Control
GWP_21P_S145_L007,RRSA,MEG_6145|Drugs|Aminoglycosides|Aminoglycoside-resistant_16S_ribosomal_subunit_protein|RRSA|RequiresSNPConfirmation,91.5631,2236.0,1529.0,Aminoglycosides,GWP_21P_S145_L007,7859612,186.0643656947095,1729.9387645547265,10.755546352682668,WD_Control
GWP_21P_S145_L007,TET16S,MEG_6964|Drugs|Tetracyclines|Tetracycline-resistant_16S_ribosomal_subunit_protein|TET16S|RequiresSNPConfirmation,87.8869,830.0,1486.0,Tetracyclines,GWP_21P_S145_L007,7859612,71.06539526101244,1729.9387645547265,4.107971722299902,WD_Control
GWP_21P_S145_L007,TET40,MEG_6991|Drugs|Tetracyclines|Tetracycline_resistance_ribosomal_protection_proteins|TET40,95.0041,32.0,1221.0,Tetracyclines,GWP_21P_S145_L007,7859612,3.3345190841515087,1729.9387645547265,0.192753590616821,WD_Control
GWP_21P_S145_L007,TUFAB,MEG_7304|Drugs|Elfamycins|EF-Tu_inhibition|TUFAB|RequiresSNPConfirmation,86.8509,46.0,1194.0,Elfamycins,GWP_21P_S145_L007,7859612,4.901763999174352,1729.9387645547265,0.28334898897048705,WD_Control
GWP_6P_S131_L007,A16S,MEG_5|Drugs|Aminoglycosides|Aminoglycoside-resistant_16S_ribosomal_subunit_protein|A16S|RequiresSNPConfirmation,91.2234,560.0,1504.0,Aminoglycosides,GWP_6P_S131_L007,9058609,41.1034879120972,290.07350355529866,14.170024979293348,GWI
GWP_6P_S131_L007,ANT6,MEG_988|Drugs|Aminoglycosides|Aminoglycoside_O-nucleotidyltransferases|ANT6,91.2341,22.0,867.0,Aminoglycosides,GWP_6P_S131_L007,9058609,2.801186785375416,290.07350355529866,0.9656817155109125,GWI
GWP_6P_S131_L007,MLS23S,MEG_3992|Drugs|MLS|Macrolide-resistant_23S_rRNA_mutation|MLS23S|RequiresSNPConfirmation,89.8072,1802.0,2904.0,MLS,GWP_6P_S131_L007,9058609,68.5009603547257,290.07350355529866,23.615035332472864,GWI
GWP_6P_S131_L007,O23S,MEG_4223|Drugs|Oxazolidinone|Oxazolidinone-resistant_23S_rRNA_mutation|O23S|RequiresSNPConfirmation,86.1244,2048.0,2926.0,Oxazolidinone,GWP_6P_S131_L007,9058609,77.26701166813451,290.07350355529866,26.637045687078615,GWI
GWP_6P_S131_L007,RRSA,MEG_6145|Drugs|Aminoglycosides|Aminoglycoside-resistant_16S_ribosomal_subunit_protein|RRSA|RequiresSNPConfirmation,85.8731,1308.0,1529.0,Aminoglycosides,GWP_6P_S131_L007,9058609,94.43625237350602,290.07350355529866,32.55597330195414,GWI
GWP_6P_S131_L007,TET40,MEG_6991|Drugs|Tetracyclines|Tetracycline_resistance_ribosomal_protection_proteins|TET40,95.1679,24.0,1221.0,Tetracyclines,GWP_6P_S131_L007,9058609,2.1698717381465142,290.07350355529866,0.7480420347089223,GWI
GWP_6P_S131_L007,TETO,MEG_7159|Drugs|Tetracyclines|Tetracycline_resistance_ribosomal_protection_proteins|TETO,84.375,30.0,1920.0,Tetracyclines,GWP_6P_S131_L007,9058609,1.724878510596936,290.07350355529866,0.5946349768096316,GWI
GWP_6P_S131_L007,TETW,MEG_7226|Drugs|Tetracyclines|Tetracycline_resistance_ribosomal_protection_proteins|TETW,89.0104,36.0,1920.0,Tetracyclines,GWP_6P_S131_L007,9058609,2.069854212716323,290.07350355529866,0.7135619721715578,GWI
GWP_10P_S140_L007,A16S,MEG_7|Drugs|Aminoglycosides|Aminoglycoside-resistant_16S_ribosomal_subunit_protein|A16S|RequiresSNPConfirmation,92.8109,2576.0,1544.0,Aminoglycosides,GWP_10P_S140_L007,12438460,134.13186056661513,1259.0186500847515,10.653683371377062,WD_Control
GWP_10P_S140_L007,ANT6,MEG_988|Drugs|Aminoglycosides|Aminoglycoside_O-nucleotidyltransferases|ANT6,100.0,92.0,867.0,Aminoglycosides,GWP_10P_S140_L007,12438460,8.531042705340822,1259.0186500847515,0.6775946253668721,WD_Control
GWP_10P_S140_L007,BEXA,MEG_1229|Multi-compound|Drug_and_biocide_resistance|Drug_and_biocide_MATE_efflux_pumps|BEXA,100.0,210.0,1332.0,Drug_and_biocide_resistance,GWP_10P_S140_L007,12438460,12.675014242732432,1259.0186500847515,1.006737608047284,WD_Control
GWP_10P_S140_L007,ERMG,MEG_2835|Drugs|MLS|23S_rRNA_methyltransferases|ERMG,92.1088,30.0,735.0,MLS,GWP_10P_S140_L007,12438460,3.281461413278834,1259.0186500847515,0.26063644196676045,WD_Control
GWP_10P_S140_L007,LMRD,MEG_3597|Drugs|Multi-drug_resistance|Multi-drug_ABC_efflux_pumps|LMRD,100.0,1536.0,1995.0,Multi-drug_resistance,GWP_10P_S140_L007,12438460,61.89872476416495,1259.0186500847515,4.916426357941418,WD_Control
GWP_10P_S140_L007,MEFA,MEG_3817|Drugs|MLS|MLS_resistance_MFS_efflux_pumps|MEFA,96.088,100.0,1227.0,MLS,GWP_10P_S140_L007,12438460,6.552225315837933,1259.0186500847515,0.520423213381062,WD_Control
GWP_10P_S140_L007,MLS23S,MEG_3992|Drugs|MLS|Macrolide-resistant_23S_rRNA_mutation|MLS23S|RequiresSNPConfirmation,98.5537,23848.0,2904.0,MLS,GWP_10P_S140_L007,12438460,660.2200925292369,1259.0186500847515,52.439262316312295,WD_Control
GWP_10P_S140_L007,MSRD,MEG_4073|Drugs|MLS|MLS_resistance_ABC_efflux_pumps|MSRD,92.4863,156.0,1464.0,MLS,GWP_10P_S140_L007,12438460,8.566766066633678,1259.0186500847515,0.6804320226755181,WD_Control
GWP_10P_S140_L007,O23S,MEG_4223|Drugs|Oxazolidinone|Oxazolidinone-resistant_23S_rRNA_mutation|O23S|RequiresSNPConfirmation,96.7191,4132.0,2926.0,Oxazolidinone,GWP_10P_S140_L007,12438460,113.53228459052272,1259.0186500847515,9.017522066323659,WD_Control
GWP_10P_S140_L007,RRSA,MEG_6145|Drugs|Aminoglycosides|Aminoglycoside-resistant_16S_ribosomal_subunit_protein|RRSA|RequiresSNPConfirmation,90.3859,3430.0,1529.0,Aminoglycosides,GWP_10P_S140_L007,12438460,180.35160880633538,1259.0186500847515,14.324776586446509,WD_Control
GWP_10P_S140_L007,TET16S,MEG_6964|Drugs|Tetracyclines|Tetracycline-resistant_16S_ribosomal_subunit_protein|TET16S|RequiresSNPConfirmation,88.6272,1004.0,1486.0,Tetracyclines,GWP_10P_S140_L007,12438460,54.31856517081612,1259.0186500847515,4.314357469379793,WD_Control
GWP_10P_S140_L007,TET40,MEG_6991|Drugs|Tetracyclines|Tetracycline_resistance_ribosomal_protection_proteins|TET40,86.07700000000001,48.0,1221.0,Tetracyclines,GWP_10P_S140_L007,12438460,3.160523031954061,1259.0186500847515,0.2510306762923098,WD_Control
GWP_10P_S140_L007,TETQ,MEG_7183|Drugs|Tetracyclines|Tetracycline_resistance_ribosomal_protection_proteins|TETQ,90.81,74.0,1926.0,Tetracyclines,GWP_10P_S140_L007,12438460,3.088935380204842,1259.0186500847515,0.245344688102667,WD_Control
GWP_10P_S140_L007,TETW,MEG_7226|Drugs|Tetracyclines|Tetracycline_resistance_ribosomal_protection_proteins|TETW,100.0,208.0,1920.0,Tetracyclines,GWP_10P_S140_L007,12438460,8.709545501077573,1259.0186500847515,0.6917725563867768,WD_Control
GWP_19P_S143_L007,A16S,MEG_2|Drugs|Aminoglycosides|Aminoglycoside-resistant_16S_ribosomal_subunit_protein|A16S|RequiresSNPConfirmation,90.6736,3424.0,1544.0,Aminoglycosides,GWP_19P_S143_L007,9954573,222.77365189957226,939.1669351186599,23.72034657197825,WD_Control
GWP_19P_S143_L007,ANT6,MEG_988|Drugs|Aminoglycosides|Aminoglycoside_O-nucleotidyltransferases|ANT6,86.0438,18.0,867.0,Aminoglycosides,GWP_19P_S143_L007,9954573,2.0855988172210385,939.1669351186599,0.22206902087726627,WD_Control
GWP_19P_S143_L007,LMRD,MEG_3597|Drugs|Multi-drug_resistance|Multi-drug_ABC_efflux_pumps|LMRD,100.0,496.0,1995.0,Multi-drug_resistance,GWP_19P_S143_L007,9954573,24.975612101564955,939.1669351186599,2.6593368194344906,WD_Control
GWP_19P_S143_L007,MLS23S,MEG_3988|Drugs|MLS|Macrolide-resistant_23S_rRNA_mutation|MLS23S|RequiresSNPConfirmation,99.8276,4862.0,2900.0,MLS,GWP_19P_S143_L007,9954573,168.42025510666616,939.1669351186599,17.932941291782907,WD_Control
GWP_19P_S143_L007,O23S,MEG_4223|Drugs|Oxazolidinone|Oxazolidinone-resistant_23S_rRNA_mutation|O23S|RequiresSNPConfirmation,90.12299999999999,8304.0,2926.0,Oxazolidinone,GWP_19P_S143_L007,9954573,285.09551350540056,939.1669351186599,30.35621281421922,WD_Control
GWP_19P_S143_L007,RRSA,MEG_6145|Drugs|Aminoglycosides|Aminoglycoside-resistant_16S_ribosomal_subunit_protein|RRSA|RequiresSNPConfirmation,91.1707,2602.0,1529.0,Aminoglycosides,GWP_19P_S143_L007,9954573,170.9531749919601,939.1669351186599,18.202639871511327,WD_Control
GWP_19P_S143_L007,TET16S,MEG_6963|Drugs|Tetracyclines|Tetracycline-resistant_16S_ribosomal_subunit_protein|TET16S|RequiresSNPConfirmation,83.0779,920.0,1501.0,Tetracyclines,GWP_19P_S143_L007,9954573,61.57217560767596,939.1669351186599,6.556041668981518,WD_Control
GWP_19P_S143_L007,TET40,MEG_6991|Drugs|Tetracyclines|Tetracycline_resistance_ribosomal_protection_proteins|TET40,87.5512,40.0,1221.0,Tetracyclines,GWP_19P_S143_L007,9954573,3.290953088598854,939.1669351186599,0.35041194121501473,WD_Control
GWP_35P_S150_L007,A16S,MEG_5|Drugs|Aminoglycosides|Aminoglycoside-resistant_16S_ribosomal_subunit_protein|A16S|RequiresSNPConfirmation,90.9574,548.0,1504.0,Aminoglycosides,GWP_35P_S150_L007,9497731,38.363026087773974,587.7341739390935,6.527275048625897,WD_GWI
GWP_35P_S150_L007,ANT6,MEG_988|Drugs|Aminoglycosides|Aminoglycoside_O-nucleotidyltransferases|ANT6,89.50399999999999,32.0,867.0,Aminoglycosides,GWP_35P_S150_L007,9497731,3.8860735474123915,587.7341739390935,0.6611957785893701,WD_GWI
GWP_35P_S150_L007,BEXA,MEG_1229|Multi-compound|Drug_and_biocide_resistance|Drug_and_biocide_MATE_efflux_pumps|BEXA,85.8859,46.0,1332.0,Drug_and_biocide_resistance,GWP_35P_S150_L007,9497731,3.63608261115571,587.7341739390935,0.6186610839363095,WD_GWI
GWP_35P_S150_L007,LMRD,MEG_3597|Drugs|Multi-drug_resistance|Multi-drug_ABC_efflux_pumps|LMRD,100.0,658.0,1995.0,Multi-drug_resistance,GWP_35P_S150_L007,9497731,34.7266690753306,587.7341739390935,5.9085672766969815,WD_GWI
GWP_35P_S150_L007,LNUA,MEG_3606|Drugs|MLS|Lincosamide_nucleotidyltransferases|LNUA,100.0,30.0,513.0,MLS,GWP_35P_S150_L007,9497731,6.157210828959326,587.7341739390935,1.047618311471096,WD_GWI
GWP_35P_S150_L007,MEFE,MEG_3830|Drugs|MLS|MLS_resistance_MFS_efflux_pumps|MEFE,100.0,90.0,1206.0,MLS,GWP_35P_S150_L007,9497731,7.857336207104812,587.7341739390935,1.3368860541907273,WD_GWI
GWP_35P_S150_L007,MLS23S,MEG_3988|Drugs|MLS|Macrolide-resistant_23S_rRNA_mutation|MLS23S|RequiresSNPConfirmation,98.5862,5012.0,2900.0,MLS,GWP_35P_S150_L007,9497731,181.96723639245684,587.7341739390935,30.960805830445718,WD_GWI
GWP_35P_S150_L007,O23S,MEG_4223|Drugs|Oxazolidinone|Oxazolidinone-resistant_23S_rRNA_mutation|O23S|RequiresSNPConfirmation,92.0027,2108.0,2926.0,Oxazolidinone,GWP_35P_S150_L007,9497731,75.85363886169893,587.7341739390935,12.906113380019246,WD_GWI
GWP_35P_S150_L007,RPOC,MEG_6138|Drugs|Glycopeptides|Vancomycin-resistant_mutation|RPOC|RequiresSNPConfirmation,83.7063,90.0,3486.0,Glycopeptides,GWP_35P_S150_L007,9497731,2.7182867084820432,587.7341739390935,0.46250274852381434,WD_GWI
GWP_35P_S150_L007,RRSA,MEG_6145|Drugs|Aminoglycosides|Aminoglycoside-resistant_16S_ribosomal_subunit_protein|RRSA|RequiresSNPConfirmation,91.2361,1724.0,1529.0,Aminoglycosides,GWP_35P_S150_L007,9497731,118.71617928191793,587.7341739390935,20.198958057222043,WD_GWI
GWP_35P_S150_L007,RRSH,MEG_6147|Drugs|Aminoglycosides|Aminoglycoside-resistant_16S_ribosomal_subunit_protein|RRSH|RequiresSNPConfirmation,80.7393,580.0,1542.0,Aminoglycosides,GWP_35P_S150_L007,9497731,39.60260505941543,587.7341739390935,6.738183147321875,WD_GWI
GWP_35P_S150_L007,TET16S,MEG_6963|Drugs|Tetracyclines|Tetracycline-resistant_16S_ribosomal_subunit_protein|TET16S|RequiresSNPConfirmation,82.4117,968.0,1501.0,Tetracyclines,GWP_35P_S150_L007,9497731,67.90078574923247,587.7341739390935,11.552975607007836,WD_GWI
GWP_35P_S150_L007,TUFAB,MEG_7304|Drugs|Elfamycins|EF-Tu_inhibition|TUFAB|RequiresSNPConfirmation,95.0586,72.0,1194.0,Elfamycins,GWP_35P_S150_L007,9497731,6.349043528153034,587.7341739390935,1.0802576759490903,WD_GWI
GWP_3P_S125_L007,A16S,MEG_3|Drugs|Aminoglycosides|Aminoglycoside-resistant_16S_ribosomal_subunit_protein|A16S|RequiresSNPConfirmation,86.337,850.0,1537.0,Aminoglycosides,GWP_3P_S125_L007,10125699,54.61601950693973,380.582867654896,14.350624830664819,Control
GWP_3P_S125_L007,ANT6,MEG_988|Drugs|Aminoglycosides|Aminoglycoside_O-nucleotidyltransferases|ANT6,83.045,24.0,867.0,Aminoglycosides,GWP_3P_S125_L007,10125699,2.7338024663437044,380.582867654896,0.7183198978947878,Control
GWP_3P_S125_L007,BEXA,MEG_1229|Multi-compound|Drug_and_biocide_resistance|Drug_and_biocide_MATE_efflux_pumps|BEXA,93.3183,26.0,1332.0,Drug_and_biocide_resistance,GWP_3P_S125_L007,10125699,1.9277206955805737,380.582867654896,0.5065179910643239,Control
GWP_3P_S125_L007,MLS23S,MEG_3992|Drugs|MLS|Macrolide-resistant_23S_rRNA_mutation|MLS23S|RequiresSNPConfirmation,91.0813,2630.0,2904.0,MLS,GWP_3P_S125_L007,10125699,89.44048039746295,380.582867654896,23.500921349556272,Control
GWP_3P_S125_L007,O23S,MEG_4223|Drugs|Oxazolidinone|Oxazolidinone-resistant_23S_rRNA_mutation|O23S|RequiresSNPConfirmation,87.1497,2344.0,2926.0,Oxazolidinone,GWP_3P_S125_L007,10125699,79.11489796397329,380.582867654896,20.787824331523222,Control
GWP_3P_S125_L007,RRSA,MEG_6145|Drugs|Aminoglycosides|Aminoglycoside-resistant_16S_ribosomal_subunit_protein|RRSA|RequiresSNPConfirmation,90.3859,1650.0,1529.0,Aminoglycosides,GWP_3P_S125_L007,10125699,106.57404398920825,380.582867654896,28.00284853753512,Control
GWP_3P_S125_L007,TET16S,MEG_6963|Drugs|Tetracyclines|Tetracycline-resistant_16S_ribosomal_subunit_protein|TET16S|RequiresSNPConfirmation,81.6123,608.0,1501.0,Tetracyclines,GWP_3P_S125_L007,10125699,40.00348925434585,380.582867654896,10.511111417295881,Control
GWP_3P_S125_L007,TETW,MEG_7226|Drugs|Tetracyclines|Tetracycline_resistance_ribosomal_protection_proteins|TETW,100.0,120.0,1920.0,Tetracyclines,GWP_3P_S125_L007,10125699,6.172413381041645,380.582867654896,1.6218316444655756,Control
